ID,Bust
karl-anthony-towns,0.274966667
justise-winslow,0.2288
stanley-johnson,0.22996666699999999
jahlil-okafor,0.29585
d-angelo-russell,0.4091
dakari-johnson,0.193543655
3-devin-booker,0.212
willie-cauley-stein,0.303709963
rondae-hollis-jefferson,0.22439640600000002
trey-lyles,0.223233333
sam-dekker,0.277250464
kelly-oubre-jr,0.263216667
tyus-jones,0.273833333
kevon-looney,0.261216667
2-myles-turner,0.316269048
cliff-alexander,0.290966667
christian-wood,0.286804424
frank-kaminsky,0.31328262100000004
michael-frazier-ii,0.35362048799999996
brandon-ashley,0.379409713
bobby-portis,0.357298214
andrew-harrison,0.384808511
rashad-vaughn,0.3692
3-aaron-harrison,0.407728291
montrezl-harrell,0.384190715
quinn-cook,0.413242824
2-cameron-payne,0.483498073
chris-mccullough,0.5081
justin-anderson,0.42971994700000005
terry-rozier,0.504615174
vince-hunter,0.46492143700000005
delon-wright,0.467846395
jarell-martin,0.482030069
jordan-mickey,0.47955815799999996
wayne-blackshear,0.449628838
5-chris-walker,0.487833333
tj-mcconnell,0.459249003
jp-tokoto,0.460107482
pat-connaughton,0.47782201
rj-hunter,0.489042385
jerian-grant,0.522495076
olivier-hanlan,0.458771582
branden-dawson,0.51535393
robert-upshaw,0.529946
tyler-harvey,0.46873872899999997
darrun-hilliard,0.509176281
tyler-haws,0.48361447399999996
treveon-graham,0.543619737
rakeem-christmas,0.52573667
3-kenneth-smith,0.567634981
3-michael-qualls,0.5475728879999999
5-aaron-white,0.549978835
3-alan-williams,0.52173384
shannon-scott,0.573424549
isaac-fotu,0.558800066
keifer-sykes,0.560152991
juawn-staten,0.546573966
corey-hawkins,0.530615842
devonte-newbill,0.5364676310000001
2-josh-richardson,0.566846902
2-jonathan-holmes,0.5813544429999999
joseph-young,0.55672691
wesley-saunders,0.575985589
richaun-holmes,0.624852285
3-anthony-brown,0.581698291
norman-powell,0.5769149889999999
9-josh-smith,0.591186509
derrick-marks,0.587617469
2-marcus-thornton,0.588127788
terran-petteway,0.597375623
seth-tuttle,0.604340925
trevor-lacey,0.608937176
dezmine-wells,0.59273752
larry-nance-jr,0.629590736
sir-dominic-pointer,0.650028307
briante-weber,0.671808458
cady-lalanne,0.645851745
joel-embiid,0.2193
marcus-smart,0.33051459
noah-vonieh,0.259833333
aaron-gordon,0.241666667
andrew-wiggins,0.34953333299999995
julius-randle,0.296733333
jabari-parker,0.35383333299999997
2-jordan-adams,0.265082604
gary-harris,0.286292631
jarnell-stokes,0.27620521
nik-stauskas,0.290277537
james-young,0.298252381
glenn-robinson-iii,0.307534365
zach-lavine,0.2825
tj-warren,0.358710088
mitch-mcgary,0.320257575
elfrid-payton,0.397190385
3-kyle-anderson,0.40347234
rodney-hood,0.346675333
tyler-ennis,0.47616666700000004
scottie-wilbekin,0.39128606200000005
jerami-grant,0.424351149
ioannis-papapetrou,0.428066667
pj-hairston,0.416574004
doug-mcdermott,0.401452941
johnny-o-bryant-iii,0.450628896
spencer-dinwiddie,0.454196638
aaron-craft,0.48063344799999996
russ-smith,0.444815416
adreian-payne,0.443056856
lamar-patterson,0.445954965
casey-prather,0.46685464
kj-mcdaniels,0.47757188
shabazz-napier,0.5039263820000001
javon-mccrea,0.45845243
travis-bader,0.42158373899999996
patric-young,0.470285047
jabari-brown,0.47235046799999997
cleanthony-early,0.504818993
jakarr-sampson,0.545994931
7-nick-johnson,0.526717961
will-sheehey,0.493846199
joe-harris,0.52344605
langston-galloway,0.513156599
bryce-cotton,0.522576664
2-deonte-burton,0.5593
sean-kilpatrick,0.525592287
cj-fair,0.553536961
khem-birch,0.562872609
cj-wilcox,0.5292087
james-michael-mcadoo,0.573820557
semaj-christon,0.570687516
george-beamon,0.5375158329999999
jordan-mcrae,0.531526049
jordan-clarkson,0.546383936
laquinton-ross,0.570896526
keith-appling,0.5803615870000001
eric-moreland,0.5556144439999999
cory-jefferson,0.573850942
roy-devyn-marble,0.585779771
geron-johnson,0.582649367
taylor-braun,0.579507542
deandre-kane,0.5749894729999999
jahii-carson,0.595253829
mike-moser,0.606736443
jordan-bachynski,0.587371435
richard-solomon,0.606331663
edwin-fuquan,0.601851589
roscoe-smith,0.621055179
melvin-ejim,0.619141877
josh-huestis,0.611383363
devon-collier,0.596374451
juvonte-reddic,0.630844105
markel-brown,0.625550617
xavier-thames,0.629401435
deandre-daniels,0.6495158839999999
2-alex-kirk,0.648942346
shawn-jones,0.641495618
tarik-black,0.663668434
alec-brown,0.679135395
dwight-powell,0.713486196
victor-oladipo,0.235978263
nerlens-noel,0.27418333300000003
otto-porter,0.261029313
alex-len,0.282375732
anthony-bennett,0.34371666700000003
ben-mclemore,0.34955
cody-zeller,0.252857198
cj-mccollum,0.40403424299999996
michael-carter-williams,0.385482114
kentavious-caldwell-pope,0.38411922200000004
steven-adams,0.278366667
grant-jerrett,0.321766667
trey-burke,0.492181256
2-reggie-bullock,0.357376569
shane-larkin,0.46409382899999996
archie-goodwin,0.43946666700000003
allen-crabbe,0.411856648
tony-snell,0.409242759
kelly-olynyk,0.39753158899999996
tim-hardaway-jr,0.42140599799999995
adonis-thomas,0.433454293
deshaun-thomas,0.40549183299999997
bj-young,0.487410695
4-tony-mitchell,0.47350316299999995
mason-plumlee,0.446788929
gorgui-dieng,0.444350219
vander-blue,0.46374189299999996
shabazz-muhammad,0.48198333299999996
erik-murphy,0.44794443700000003
andre-roberson,0.479845709
pierre-jackson,0.47631997299999995
jamaal-franklin,0.5046749189999999
james-southerland,0.495891976
2-ryan-kelly,0.48817089
phil-pressey,0.53119517
peyton-siva,0.53428605
glen-rice-jr,0.530921441
dj-stephens,0.505414386
travis-releford,0.496397756
christian-watford,0.513043894
isaiah-canaan,0.542765037
trevor-mbakwe,0.5034861970000001
matt-dellavedova,0.507982788
myck-kabongo,0.534899573
will-clyburn,0.51800396
ryan-broekhoff,0.5195675670000001
seth-curry,0.498736805
2-jeff-withey,0.5400150539999999
rotnei-clarke,0.5157173079999999
elijah-johnson,0.5470874960000001
solomon-hill,0.553042531
cj-aiken,0.550520824
nate-wolters,0.552453917
arsalan-kazemi,0.575024313
ray-mccallum,0.571707
mike-muscala,0.56350657
2-lorenzo-brown,0.5832509370000001
kenny-kadji,0.562881194
khalif-wyatt,0.569153117
brandon-davies,0.5678392729999999
4-rodney-williams,0.592876497
laurence-bowers,0.596684926
james-ennis,0.5852881639999999
colton-iverson,0.609102857
brandon-paul,0.574722831
erick-green,0.584685831
amath-m-baye,0.583039293
carrick-felix,0.600228423
robert-covington,0.619751915
jamelle-hagins,0.59233709
michael-snaer,0.613307852
ramon-galloway,0.617689092
will-cherry,0.621198206
cj-leslie,0.635936215
dewayne-dedmon,0.64051827
elias-harris,0.624359537
richard-howell,0.655359363
daniel-edward,0.648080333
jackie-carmichael,0.66016789
romero-osby,0.666648869
zeke-marshall,0.698674902
3-anthony-davis,0.23151666699999998
bradley-beal,0.237683333
dion-waiters,0.274766667
michael-kidd-gilchrist,0.25406666699999997
thomas-robinson,0.31361453300000003
andre-drummond,0.28035
jared-sullinger,0.240117191
harrison-barnes,0.37480309799999995
terrance-jones,0.316908839
jeremy-lamb,0.286072819
john-henson,0.324629784
marquis-teague,0.35935
austin-rivers,0.360802381
royce-white,0.380483333
damian-lillard,0.43086455100000004
tony-wroten,0.410966667
doron-lamb,0.34776329100000003
maurice-harkless,0.37285
perry-jones-iii,0.36441039399999997
quincy-miller,0.38583333299999995
terrence-ross,0.417151127
2-jared-cunningham,0.408933451
meyers-leonard,0.422436669
2-john-jenkins,0.41391026299999994
kendall-marshall,0.45526438799999996
draymond-green,0.40652650700000004
hollis-thompson,0.443225951
jae-crowder,0.42642888799999995
khris-middleton,0.483099483
ashton-gibbs,0.441555317
miles-plumlee,0.45117615
6-kevin-jones,0.451135325
william-buford,0.441530926
darius-miller,0.43965296299999995
gerardo-suero,0.41345238100000004
arnett-moultrie,0.508193668
zack-rosen,0.45655664
robbie-hummel,0.510224605
tyler-zeller,0.494218879
jordan-taylor,0.495736735
tyshawn-taylor,0.49672266
marcus-denmon,0.49615638100000004
ricardo-ratliffe,0.49123523700000005
john-shurna,0.474342035
kim-english,0.497900309
terrell-stoglin,0.538735623
fab-melo,0.480509969
will-barton,0.502852425
scott-machado,0.5232196379999999
11-chris-johnson,0.530503035
charlie-westbrook,0.509088085
cameron-moore,0.577690897
kris-joseph,0.548631698
andrew-nicholson,0.535429547
quincy-acy,0.570144649
bernard-james,0.568332536
wesley-witherspoon,0.576206976
darius-johnson-odom,0.557168356
jamychal-green,0.585415465
festus-ezeli,0.578353852
drew-gordon,0.5873591770000001
kyle-o-quinn,0.5966880139999999
terrell-holloway,0.5882137279999999
toure-murry,0.575584761
orlando-johnson,0.59398718
rakim-sanders,0.595012963
2-eric-griffin,0.6196766770000001
j-covan-brown,0.598700464
32-mike-scott,0.609121935
renardo-sidney,0.603917695
3-tony-mitchell,0.637179397
jeffery-taylor,0.618267888
alex-young,0.599337136
henry-sims,0.6251016389999999
2-kevin-murphy,0.606336349
2-justin-hamilton,0.642966925
casper-ware,0.637375207
mitchell-watt,0.6455644
herb-pope,0.6529021620000001
yancy-gates,0.670117878
xavier-gibson,0.6690105820000001
josh-owens,0.65902269
garrett-stutz,0.6796908340000001
augustus-gilchrist,0.67993977
robert-sacre,0.7302930870000001
3-derrick-williams,0.267865173
kyrie-irving,0.33665
2-tristan-thompson,0.3117
kawhi-leonard,0.35353122299999995
brandon-knight,0.43121666700000005
alec-burks,0.34787013
kenneth-faried,0.352816329
kemba-walker,0.410976002
jereme-richmond,0.319766667
cory-joseph,0.34105
tobias-harris,0.35293333299999996
nikola-vucevic,0.35163440700000004
tyler-honeycutt,0.41398772799999994
klay-thompson,0.382113309
josh-selby,0.4007
2-jordan-hamilton,0.383019541
jordan-williams,0.440623045
iman-shumpert,0.474921055
willie-reed,0.449708756
jimmy-butler,0.383016851
kyle-singler,0.38089973299999996
bradley-wanamaker,0.415876615
jimmer-fredette,0.440939951
markieff-morris,0.35826645
4-reggie-jackson,0.418062549
marcus-morris,0.391606733
5-greg-smith,0.48698888700000004
nolan-smith,0.42508550100000003
jon-diebler,0.43685560100000004
chris-singleton,0.47953354200000003
chandler-parsons,0.44728925700000005
marshon-brooks,0.433209447
jon-leuer,0.49012283799999995
josh-harrellson,0.46446236799999996
travis-leslie,0.482187759
shelvin-mack,0.5129222489999999
mark-payne,0.446321763
david-lighty,0.477329292
malcolm-lee,0.515163082
justin-holiday,0.47541384200000003
darius-morris,0.5254529520000001
julyan-stone,0.516260705
deandre-liggins,0.480586474
ravern-johnson,0.452266367
ben-hansbrough,0.500461305
jacob-pullen,0.509279889
norris-cole,0.550135047
lacedarius-dunn,0.48787617299999997
jamine-peterson,0.535693573
durrell-summers,0.510783259
talor-battle,0.5000726329999999
vernon-macklin,0.511339089
rick-jackson,0.5546028120000001
demetri-mccamey,0.545812289
malcolm-delaney,0.534291499
gary-flowers,0.535090494
2-isaiah-thomas,0.556699955
kalin-lucas,0.549959494
andrew-goudelock,0.518027996
justin-harper,0.584621683
ater-majok,0.548983333
scotty-hopson,0.5468821620000001
2-terrence-jennings,0.591946626
lavoy-allen,0.585806347
dwight-hardy,0.555493871
matt-howard,0.577353837
e-twaun-moore,0.59332485
damian-saunders,0.607928702
michael-dunigan,0.593415815
justin-hurtt,0.565296945
delroy-james,0.586964493
jajuan-johnson,0.637628317
jamie-skeen,0.60671347
24-mike-davis,0.61088017
charles-jenkins,0.613334168
matthew-bryan-amaning,0.644654704
diante-garrett,0.641820094
xavier-silas,0.615290095
keith-benson,0.680435931
23-chris-wright,0.7173644570000001
gordon-hayward,0.298337907
greg-monroe,0.34748199
demarcus-cousins,0.34965847
derrick-favors,0.30903880100000003
paul-george,0.373109178
evan-turner,0.357784411
2-ed-davis,0.268205496
xavier-henry,0.292053734
al-farouq-aminu,0.309617782
tiny-gallon,0.266138962
john-wall,0.500519422
wesley-johnson,0.380128478
avery-bradley,0.387719298
daniel-orton,0.320833333
cole-aldrich,0.363416361
devin-ebanks,0.36098030600000003
brian-zoubek,0.367640827
lance-stephenson,0.43856951899999996
patrick-patterson,0.39311826200000005
eric-bledsoe,0.46660173200000005
ekpe-udoh,0.43250785399999997
jon-scheyer,0.432423434
charles-garcia,0.421598174
tyler-whiteside,0.476902174
23-james-anderson,0.43374274700000004
manny-harris,0.498593426
elliot-williams,0.51050689
luke-babbitt,0.508394875
trevor-booker,0.471949909
terrico-white,0.523836855
sylven-landesberg,0.5075586089999999
willie-warren,0.507438179
jeremy-lin,0.5173450789999999
damion-james,0.5101556070000001
aubrey-coleman,0.45786079700000004
da-sean-butler,0.500355132
sherron-collins,0.500959019
greivis-vasquez,0.535952336
courtney-fortson,0.531543037
dexter-pittman,0.526532039
marqus-blakely,0.555677865
deon-thompson,0.555988469
quincy-pondexter,0.525290684
jarvis-varnado,0.529303247
omar-samhan,0.552628938
ryan-wittman,0.504368199
jordan-crawford,0.505792459
patrick-christopher,0.501033097
0-dominique-jones,0.525787806
andy-rautins,0.559755509
samardo-samuels,0.575498311
larry-sanders,0.574861312
jeremy-evans,0.552544727
stanley-robinson,0.552727518
jerome-randle,0.5717460870000001
solomon-alabi,0.558971587
gavin-edwards,0.565950513
derrick-caracter,0.60632976
2-darington-hobson,0.577653509
lazar-hayward,0.577677827
armon-johnson,0.592872321
ishmael-smith,0.582027861
dwayne-collins,0.604794786
tyren-johnson,0.598817974
gani-lawal,0.615762257
luke-harangody,0.6058543470000001
armon-bassett,0.586124259
andrew-ogilvy,0.594046115
1-tyler-smith,0.585954868
mikhail-torrance,0.600990315
jerome-dyson,0.621829573
scottie-reynolds,0.6206236999999999
craig-brackins,0.627444916
matt-bouldin,0.611827077
edwin-ubiles,0.616796905
deshawn-sims,0.6282283670000001
magnum-rolle,0.641129514
elijah-millsap,0.653012299
ben-uzoh,0.64204552
mac-koshwal,0.67006181
marquis-gilstrap,0.678666667
artsiom-parakhouski,0.71566711
jerome-jordan,0.734968049
michael-washington,0.7365915279999999
tyreke-evans,0.261155556
blake-griffin,0.31897385100000003
13-james-harden,0.314924594
jrue-holiday,0.297962454
dejuan-blair,0.217512617
stephen-curry,0.43201762
hasheem-thabeet,0.34814924399999997
ty-lawson,0.34731917799999995
demar-derozan,0.365909091
danny-green,0.350789511
darren-collison,0.42333292200000006
jordan-hill,0.393819546
austin-daye,0.39500831799999997
jonny-flynn,0.523605523
patrick-beverley,0.452334275
chase-budinger,0.38452447700000003
wayne-ellington,0.42904663600000004
sam-young,0.421128073
jeff-teague,0.535521813
bj-mullens,0.45486819700000003
eric-maynor,0.51891801
earl-clark,0.460490936
tyler-hansbrough,0.475176008
terrence-williams,0.489998682
dajuan-summers,0.514142258
lester-hudson,0.454271178
derrick-brown,0.45228378799999996
antonio-anderson,0.48030008799999996
gerald-henderson,0.45894888799999994
josh-carter,0.48727762799999996
kc-rivers,0.5002177879999999
josh-shipp,0.467136061
aj-price,0.5210876870000001
patrick-mills,0.590917743
jerel-mcneal,0.544116021
aj-abrams,0.531308555
jon-brockman,0.53643179
nick-calathes,0.62189013
brandon-costner,0.516242868
robert-dozier,0.542733765
dar-tucker,0.555374415
demarre-carroll,0.583737925
tyrese-rice,0.560858898
chinemelu-elonu,0.54628732
23-james-johnson,0.586571069
goran-suton,0.566543483
jodie-meeks,0.53045527
ronald-steele,0.565534611
toney-douglas,0.588538023
daniel-hackett,0.567984169
dionte-christmas,0.538124355
lee-cummard,0.571266596
dante-cunningham,0.559917248
tony-gaffney,0.57900913
23-wesley-matthews,0.5742969729999999
jeremy-pargo,0.5907130660000001
taj-gibson,0.585624306
alade-aminu,0.580826537
marcus-thornton,0.58092523
robert-vaden,0.5778743479999999
ben-woodside,0.587964225
anthony-goods,0.584113833
ahmad-nivins,0.601276569
curtis-jerrells,0.601859557
john-bryant,0.617498588
paul-delaney,0.6111640620000001
paul-harris,0.611697088
leo-lyons,0.634636916
bryan-mullins,0.6343555129999999
courtney-fells,0.60188058
jermaine-taylor,0.602422772
jeff-adrien,0.621493625
jeff-pendergraph,0.653187331
kevin-rogers,0.631199562
dominic-james,0.658124445
21-chris-johnson,0.646799056
josh-heytvelt,0.65745734
jack-mcclinton,0.656739913
taylor-griffin,0.661391023
luke-nevill,0.676783085
michael-beasley,0.323522505
russell-westbrook,0.301448691
kevin-love,0.298246812
23-eric-gordon,0.37582644600000004
derrick-rose,0.415416667
brook-lopez,0.350917266
deandre-jordan,0.245391595
roy-hibbert,0.29618379100000003
ryan-anderson,0.32378902800000003
jerryd-bayless,0.419632035
jj-hickson,0.33781407
oj-mayo,0.488515982
darrell-arthur,0.308018981
kosta-koufos,0.33079096
robin-lopez,0.344785049
anthony-randolph,0.43311531
brandon-rush,0.36147141299999996
marreese-speights,0.389911502
mario-chalmers,0.457060044
george-hill,0.41205746
bill-walker,0.47582346600000003
courtney-lee,0.481273779
javale-mcgee,0.463895306
luc-richard-mbah-a-moute,0.453426238
bo-mccalebb,0.42134217799999996
donte-greene,0.496842105
dj-augustin,0.5992436560000001
joey-dorsey,0.47912334799999995
malik-hairston,0.45597645600000003
mike-taylor,0.525876011
joe-alexander,0.476801159
jamont-gordon,0.5177336020000001
marcus-dove,0.525577389
darnell-jackson,0.494787546
josh-duncan,0.491883564
chris-lofton,0.50543091
joe-crawford,0.470579134
chris-douglas-roberts,0.5093153220000001
jawann-mcclellan,0.483469328
kyle-weaver,0.557890161
mickell-gladness,0.5394206970000001
reggie-williams,0.50922632
othello-hunter,0.512702109
longar-longar,0.542276137
patrick-ewing-jr,0.557213787
walter-sharpe,0.557687319
richard-hendrix,0.562756456
sasha-kaun,0.5695396189999999
demarcus-nelson,0.557656225
jamar-butler,0.57035368
bryce-taylor,0.516410165
shawn-james,0.570494598
drew-neitzel,0.585465637
shan-foster,0.571461888
david-padgett,0.584230182
jr-giddens,0.5698847979999999
james-mays,0.619902761
aleks-maric,0.613064399
marcelus-kemp,0.578167314
cj-giles,0.629328487
dj-white,0.615668488
kentrell-gransberry,0.640207541
davon-jefferson,0.639269406
pat-calathes,0.627177387
joseph-jones,0.621695427
sonny-weems,0.6245526339999999
tyrone-brazelton,0.643103687
trent-plaisted,0.656967605
james-gist,0.638027902
devon-hardin,0.674171308
will-daniels,0.659240911
richard-roby,0.67269543
sean-singletary,0.710294932
gary-forbes,0.7276098540000001
mike-conley-jr,0.30175438600000004
greg-oden,0.327066487
al-horford,0.27658986
joakim-noah,0.335086707
kevin-durant,0.39264432
thaddeus-young,0.333452042
rodney-stuckey,0.420134204
jeff-green,0.37566120799999997
julian-wright,0.302839239
corey-brewer,0.31468125
brandan-wright,0.244141689
spencer-hawes,0.24300791600000002
javaris-crittenton,0.389794872
wilson-chandler,0.39405451799999996
daequan-cook,0.363251366
sean-williams,0.41258073700000003
josh-mcroberts,0.419916292
jared-dudley,0.394707004
glen-davis,0.431001056
taurean-green,0.463571048
gabe-pruitt,0.519145567
reyshawn-terry,0.430972545
ramon-sessions,0.53779722
blake-schilb,0.438457386
carl-landry,0.522701987
aaron-gray,0.505392747
arron-afflalo,0.50211125
jared-jordan,0.5097329589999999
aaron-brooks,0.544460105
trey-johnson,0.47568662799999994
marcus-williams,0.516921176
jeremy-hunt,0.505156055
dominic-mcguire,0.534153576
alando-tucker,0.52033306
coleman-collins,0.6069628579999999
jameson-curry,0.5429416570000001
ron-lewis,0.524806587
al-thornton,0.622310919
stephane-lasme,0.545544131
nick-young,0.55640933
chris-richard,0.552182711
justin-cage,0.545645081
nick-fazekas,0.565921376
russell-carter,0.508831687
larry-blair,0.556372503
dashaun-wood,0.593470462
kyle-visser,0.61696777
demetris-nichols,0.581569575
morris-almond,0.582506179
adam-haluska,0.574862521
derrick-byars,0.586213199
terrence-roberts,0.597468356
curtis-sumpter,0.603381419
acie-law-iv,0.6356231520000001
james-hughes,0.615986803
darryl-watkins,0.613960485
ian-vouyoukas,0.6346450260000001
coby-karl,0.623191033
herbert-hill,0.6313823270000001
mustafa-shakur,0.643139714
jermareo-davidson,0.6234515279999999
ekene-ibekwe,0.646930453
cartier-martin,0.619001986
ivan-radenovic,0.631807407
sammy-mejia,0.635637161
quinton-hosley,0.660576945
dj-strawberry,0.6587989129999999
brandon-heath,0.678486261
mario-boggan,0.6965377340000001
mohamed-abukar,0.701315583
zabian-dowdell,0.717787762
rajon-rondo,0.303457302
tyrus-thomas,0.326878868
lamarcus-aldridge,0.302508499
rudy-gay,0.327625462
ronnie-brewer,0.389223715
kyle-lowry,0.334537078
brandon-roy,0.344909885
paul-millsap,0.35253772299999997
patrick-o-bryant,0.288426013
randy-foye,0.44549780899999997
daniel-gibson,0.428990149
pj-tucker,0.382657499
jordan-farmar,0.501909437
jj-redick,0.441899451
2-5-marcus-williams,0.469972574
adam-morrison,0.34354583200000005
cedric-simmons,0.427712319
shawne-williams,0.462066474
shannon-brown,0.456677881
jose-juan-barea,0.449933452
steve-novak,0.41236417700000005
hilton-armstrong,0.428079549
shelden-williams,0.46292806799999997
renaldo-balkman,0.497848622
marcus-slaughter,0.516395784
josh-boone,0.451845082
thomas-gardner,0.490663279
jp-batista,0.492181104
rashad-anderson,0.47038116399999996
leon-powe,0.516216963
james-augustine,0.497935305
taquan-dean,0.49165753799999995
taj-gray,0.5171766179999999
dee-brown,0.552445791
james-white,0.519651636
hassan-adams,0.513625264
rodney-carney,0.5316620639999999
craig-smith,0.544901537
eric-williams,0.535944976
will-blalock,0.584774245
chris-quinn,0.528012933
terrell-everett,0.550791927
mike-gansey,0.5415171870000001
marco-killingsworth,0.55751185
sean-dockery,0.556250853
denham-brown,0.528783734
gerry-mcnamara,0.550909222
maurice-ager,0.5352503510000001
ryan-hollins,0.548831176
paul-davis,0.580032951
guillermo-diaz,0.5831543220000001
carl-krauser,0.572350343
mike-hall,0.5922100060000001
allan-ray,0.554271705
quincy-douby,0.584226372
kevin-pittsnogle,0.59996467
bobby-jones,0.587206851
curtis-stinson,0.602734765
brandon-bowman,0.605894306
eric-hicks,0.6279254320000001
2-justin-williams,0.657401888
daniel-horton,0.633244784
dwayne-mitchell,0.6394387460000001
mardy-collins,0.646321614
alexander-johnson,0.638717245
marcellus-sommerville,0.640856355
yemi-nicholson,0.650829435
kenny-adeleke,0.674504678
solomon-jones,0.6892220370000001
matt-haryasz,0.664802441
steven-smith,0.651282649
christian-maraker,0.6558662470000001
terence-dials,0.670489753
nik-caner-medley,0.6687391429999999
danilo-pinnock,0.6692442820000001
pops-mensah-bonsu,0.716299079
louis-amundson,0.743764216
chris-paul,0.24757686899999998
24-marvin-williams,0.24952381
deron-williams,0.356118868
raymond-felton,0.374612483
andrew-bogut,0.369982242
danny-granger,0.37490509899999996
brandon-bass,0.350248995
sean-may,0.33740713
charlie-villanueva,0.336204145
david-lee,0.36134095899999996
randolph-morris,0.37766853899999997
channing-frye,0.39585216799999995
rashad-mccants,0.390867686
von-wafer,0.406485637
ike-diogu,0.404257914
nate-robinson,0.463297929
chris-taft,0.364528516
francisco-garcia,0.43473398
bracey-wright,0.43912576799999997
linas-kleiza,0.48122334299999997
kennedy-winston,0.471572593
luther-head,0.48464517100000004
sean-banks,0.500742394
jarrett-jack,0.55332931
john-gilchrist,0.5457660639999999
joey-graham,0.47756635700000005
jason-maxiell,0.498849169
ryan-gomes,0.5417334770000001
dwayne-jones,0.54815557
julius-hodge,0.521918831
robert-whaley,0.521155556
travis-diener,0.543036414
jawad-williams,0.522716168
erazem-lorbek,0.560324074
kelenna-azubuike,0.5016170329999999
will-conroy,0.557239814
daniel-ewing,0.536107436
matt-walsh,0.543306045
ronny-turiaf,0.5640699339999999
antoine-wright,0.5591416889999999
alan-anderson,0.554431145
filiberto-rivera,0.590628672
eddie-basden,0.593300308
orien-greene,0.617149065
salim-stoudamire,0.596425151
hakim-warrick,0.597668434
mindaugas-katelynas,0.609734254
wayne-simien,0.623304811
anthony-roberson,0.6212751870000001
lawrence-roberts,0.651268694
dijon-thompson,0.623055747
will-bynum,0.663235429
alex-acker,0.626274995
deji-akindele,0.681368383
rawle-marshall,0.671680032
jared-homan,0.71402235
donell-taylor,0.715124326
andre-iguodala,0.317831928
luol-deng,0.316530055
emeka-okafor,0.33094375
devin-harris,0.407270814
trevor-ariza,0.297462756
kris-humphries,0.24854390699999998
josh-childress,0.355980388
ben-gordon,0.47443795899999996
jameer-nelson,0.46943190700000004
kirk-snyder,0.40515721899999996
chris-duhon,0.446375409
32-kevin-martin,0.45253859
delonte-west,0.49637537600000003
christian-drejer,0.45562400399999997
tony-allen,0.521128413
rafael-araujo,0.531093296
rickey-paulding,0.42417329600000003
blake-stepp,0.514526475
royal-ivey,0.45547535899999997
romain-sato,0.512367173
luke-jackson,0.49690502299999995
ales-chan,0.518274523
ricky-minard,0.546147588
nigel-dixon,0.5690161539999999
timmy-bowers,0.5785187589999999
marcus-douthit,0.584218241
nick-jacobson,0.56336504
david-harrison,0.6018096629999999
desmon-farmer,0.562770335
rashad-wright,0.618840979
darius-rice,0.5977285760000001
andre-emmett,0.624009134
luis-flores,0.615776828
bryant-matthews,0.651059762
41-antonio-burks,0.637614731
tim-pickett,0.651623469
pape-sow,0.6472926520000001
chris-garnett,0.653801554
david-young,0.62902708
john-edwards,0.674523973
lionel-chalmers,0.684081323
1-marcus-moore,0.677533442
matt-freije,0.668134942
jaime-lloreda,0.681910537
arthur-johnson,0.6825477390000001
bernard-robinson-jr,0.690182196
jackson-vroman,0.71203689
michel-morandais,0.6925692640000001
herve-lamizana,0.7328744509999999
andre-brown,0.720491283
justin-reed,0.7483190679999999
dwyane-wade,0.34731791
chris-kaman,0.270609497
carmelo-anthony,0.38464566899999997
kirk-hinrich,0.317038542
chris-bosh,0.32664042
mike-sweetney,0.306044558
josh-howard,0.380561442
tj-ford,0.49105521
david-west,0.456118442
kyle-korver,0.38750100200000004
nick-collison,0.36523031200000006
luke-ridnour,0.480635281
steve-blake,0.40067986299999997
luke-walton,0.41601029
matt-bonner,0.46048067600000003
brian-cook,0.446627757
jarvis-hayes,0.450149574
jason-kapono,0.446949935
drew-nicholas,0.473539459
marquis-daniels,0.5408357979999999
jason-keep,0.49489690299999994
keith-bogans,0.498751756
brandin-knight,0.579817014
jason-gardner,0.533520872
justin-hamilton,0.521197343
33-josh-powell,0.539686497
danny-miller,0.5147789110000001
marquis-estill,0.503772098
marcus-banks,0.575803954
troy-bell,0.545748664
5-chris-davis,0.526401743
maurice-williams,0.643777853
carl-english,0.49778011299999997
tahj-holden,0.534208261
13-matt-carroll,0.528279906
curtis-millage,0.541102898
dahntay-jones,0.544394113
ezra-williams,0.520112812
mario-austin,0.612886677
donatas-zavackas,0.565632597
rick-anderson,0.564260347
marvin-stone,0.56859488
ontario-lett,0.5992210929999999
kirk-penney,0.554229215
tom-coverdale,0.593034272
torris-bright,0.594954874
robert-jackson,0.587681337
rick-rickert,0.6103663260000001
derrick-zimmerman,0.614376705
reece-gaines,0.601813272
dalron-johnson,0.59349015
marcus-hatten,0.631206597
quinton-ross,0.591353813
tommy-smith,0.606093593
brent-darby,0.592363441
uche-nsonwu-amadi,0.6073517429999999
ryan-randle,0.631501681
koko-archibong,0.603922196
brett-blizzard,0.626250954
brandon-hunter,0.653807936
ruben-douglas,0.619667353
henry-domercant,0.6174035920000001
joe-shipp,0.635342812
willie-green,0.6217832529999999
travis-hansen,0.649064938
wesley-wilson,0.652129844
ugonna-onyekwe,0.6565695979999999
erwin-dudley,0.666510797
kueth-duany,0.657135908
joel-cornette,0.67564191
ron-slay,0.6810705420000001
britton-johnsen,0.687767751
raitis-grafs,0.7220244990000001
earl-barron,0.733535904
ronald-dupree,0.7216747040000001
theron-smith,0.72635792
will-mcdonald,0.7879619379999999
stephane-pelle,0.791509193
frederick-jones,0.295667381
22-jason-williams,0.340522066
dan-dickau,0.353387665
juan-dixon,0.277610357
carlos-boozer,0.301620638
drew-gooden,0.27479755699999997
dan-gadzuric,0.344476169
mike-dunleavy-jr,0.310773328
caron-butler,0.453102096
casey-jacobsen,0.358408596
jared-jeffries,0.45462656
jason-jennings,0.46414853899999997
chris-wilcox,0.288305366
jamal-sampson,0.355280073
curtis-borchardt,0.391499096
tito-maddox,0.430425824
dajuan-wagner,0.45013404799999995
robert-archibald,0.394472385
tayshaun-prince,0.42758417299999996
kevin-lyde,0.441862301
john-salmons,0.47945084
steve-logan,0.503911796
william-smush-parker,0.5547583079999999
kareem-rush,0.47419946399999996
roger-mason-jr,0.5173738529999999
vincent-yarbrough,0.5342201560000001
melvin-ely,0.49789127
marcus-haislip,0.518141359
chris-jefferies,0.532031252
jobey-thomas,0.548114167
elvin-mims,0.5772928829999999
luke-recker,0.557559196
jr-bremer,0.569636671
predrag-savovic,0.551887515
lynn-greer,0.563527467
matt-barnes,0.591039778
lubos-barton,0.6169789410000001
frank-williams,0.6246692629999999
tamar-slay,0.574944022
13-brian-brown,0.607139723
rasual-butler,0.58661488
jannero-pargo,0.626499761
preston-shumpert,0.608401474
rod-grizzard,0.610834552
aaron-mcghee,0.648349237
sam-clancy,0.6709454
fredrik-jonzen,0.650647677
marvin-o-connor,0.62587386
clarence-gilbert,0.643228999
chris-christoffersen,0.681625618
ryan-humphrey,0.6895117759999999
lonnie-jones,0.6907268790000001
altron-jackson,0.686799504
chris-owens,0.7252108359999999
randy-holcomb,0.753335366
shane-battier,0.161383714
omar-cook,0.33113333300000003
jason-richardson,0.26764457399999997
jamaal-tinsley,0.35330527899999997
gilbert-arenas,0.34569950899999996
eddie-griffin,0.344848053
joseph-forte,0.43296472399999997
zach-randolph,0.255834291
steve-hunter,0.276251738
joe-johnson,0.339532885
brendan-haywood,0.34924801
richard-jefferson,0.356650901
alton-ford,0.423370577
kenny-satterfield,0.477167503
jason-collins,0.37608748
jarron-collins,0.38485734899999996
loren-woods,0.376532815
rodney-white,0.41221491200000004
troy-murphy,0.410039593
earl-watson,0.444417665
14-charlie-bell,0.37396695700000004
jamison-brewer,0.45719219200000005
samuel-dalembert,0.41332470200000004
gerald-wallace,0.441364903
trenton-hassell,0.35956677600000003
andre-hutson,0.430781577
bobby-simmons,0.448367856
brandon-armstrong,0.5255054060000001
michael-bradley,0.5057823370000001
jeff-trepagnier,0.5183178310000001
jeryl-sasser,0.41313183299999995
terence-morris,0.511498812
sirvaliant-brown,0.543423181
michael-wright,0.553920667
maurice-evans,0.528454169
alvin-jones,0.553500119
jerry-green,0.556403601
kenny-gregory,0.548532405
casey-calvary,0.548627367
lee-scruggs,0.599418105
rashad-phillips,0.613415342
brian-scalabrine,0.579815605
kirk-haston,0.630658311
kimani-ffriend,0.63498036
damone-brown,0.620244304
darren-kelly,0.620797536
11-michael-hicks,0.624836513
will-solomon,0.63278524
monty-mack,0.6310652720000001
dean-oliver,0.661035468
sean-lampley,0.671918173
terry-black,0.685387583
cookie-belcher,0.730540684
eric-chenowith,0.733026567
terrell-lyday,0.7195099640000001
brandon-wolfram,0.716636046
ruben-boumtje-boumtje,0.742427408
greg-stevenson,0.741446376
calvin-bowman,0.826302584
